<?xml version="1.0" encoding="UTF-8"?>
<!DOCTYPE mapper
 PUBLIC "-//mybatis.org//DTD Mapper 3.0//EN"
"http://mybatis.org/dtd/mybatis-3-mapper.dtd">
<mapper namespace="com.childraise.medical.sys.dao.SystemDao">

		<select id="getGuidePage" resultType="String">
         	select url from picture where category=1 limit #{num}
         </select>
         
         <select id="getAdPage" resultType="String">
         	select url from picture where category=2
         </select>
         
         
         
         <select id="getArchive" resultType="Archive">
         	select * from archive where user=#{uid}
         </select>
         <select id="selectUser" parameterType="int" resultType="User">  
        	select * from user where id = #{id}  
    	</select>
         
         <resultMap type="User" id="UserResult">  
	        <id column="id" property="id"/>
	    </resultMap>
	    <select id="selectUserWithColl" parameterType="int" resultType="User">  
	        select * from user where id = #{uid}  
	    </select>
</mapper>