<?xml version="1.0" encoding="UTF-8"?>
<!DOCTYPE mapper
 PUBLIC "-//mybatis.org//DTD Mapper 3.0//EN"
"http://mybatis.org/dtd/mybatis-3-mapper.dtd">
<mapper namespace="com.childraise.medical.sys.dao.UserDao">
         <select id="getUserByPhone" resultType="User">
         	select * from user where phone=#{phone}
         </select>
         
         <select id="findAllUsers" resultType="User">
         	select * from user order by id
         </select>
         
         <insert id="register" parameterType="User" useGeneratedKeys="true" keyProperty="id">
         	insert into user(password,phone) values 
         	(#{password},#{phone})
         </insert>
         
         <update id="updatePassword">
         	update user set password=#{password} where phone=#{phone}
         </update>
         
</mapper>